{"slope": 3.627868422621323e-05, "intercept": 17.24702890613716, "r_value": 0.04647416223563658, "p_value": 1.959388049880303e-14, "std_err": 4.737682394033064e-06}