{"slope": -0.00015893043459105132, "intercept": 18.278646281972527, "r_value": -0.03292869204438664, "p_value": 0.026274495683008613, "std_err": 7.149832761444371e-05}