{"slope": 3.2797599169755394e-05, "intercept": 17.56861266886272, "r_value": 0.03064219656635588, "p_value": 1.5496496930051482e-05, "std_err": 7.5875062553866275e-06}