{
    "mean_forecast": [
        26.084999999999415,
        25.981536418821236,
        25.976893145636822,
        25.8925990036516,
        25.86779203380963,
        25.91275778051356,
        25.88665373598089,
        25.914546603138035,
        25.8758035070702,
        25.814589055565417,
        25.799503655972227,
        25.89268101848793,
        25.825001537683267,
        25.795741214298022,
        25.839037381128477,
        25.910918432044067,
        25.922591009334884,
        26.038286265876856,
        25.974576683800297,
        25.916238781137466,
        25.975265555333507,
        25.99579869001784,
        25.9984927863623,
        25.95778098213432,
        25.9108094181292,
        25.868845824944792,
        25.835308632703477,
        25.808414677294696,
        25.76260053398386,
        25.708951998880583
    ],
    "lower_ci_95": [
        26.085,
        23.20149085913455,
        22.64166074437444,
        21.851352664544542,
        21.46818785312593,
        21.137848070953428,
        20.855541036112434,
        20.79938477202832,
        20.839169162643664,
        20.50877232081629,
        20.589451424511488,
        20.95830338808286,
        21.014855448012387,
        20.527026348761083,
        20.61725286349441,
        20.765415388083614,
        20.70018085585246,
        21.018984606962366,
        21.06666882548192,
        20.909755869520026,
        21.05916555373232,
        21.281599168456545,
        20.988882706007477,
        20.885994464269725,
        21.080938522825043,
        21.25283068137195,
        20.897462871020235,
        20.826315475427293,
        21.170287196171987,
        20.815021949575847
    ],
    "upper_ci_95": [
        26.085,
        28.866340276797523,
        29.619539083750375,
        29.952960659286397,
        30.55213260693138,
        30.772659306355887,
        30.943736001261655,
        31.224146671939316,
        31.22261933226402,
        30.93035389762983,
        31.095231350095386,
        30.993209890487776,
        31.064550922594297,
        31.26037592529538,
        31.587742409963546,
        31.195988079096246,
        31.35618944301864,
        31.156429853565367,
        31.326818319606307,
        30.941908397111643,
        31.340870435452565,
        31.300446171992856,
        30.998587870284062,
        30.599142288229842,
        30.577502369256923,
        30.599788846762358,
        30.6056649673622,
        30.592453404926783,
        30.43652450301637,
        30.190251458836396
    ]
}