{"slope": -8.266329112626915e-05, "intercept": 18.19767155814006, "r_value": -0.029455554338289926, "p_value": 0.009516977920166852, "std_err": 3.187265635570252e-05}