{"slope": -0.000216632342578829, "intercept": 18.32666144074919, "r_value": -0.04016649255374504, "p_value": 0.9958314062485674, "std_err": 8.420323862183627e-05}